Platform,Time_Contribution_Hours,Percentage_of_Total,R_Squared,Intercept,Mean_Total_Time,Method
Instagram,0.7916515684569091,24.282621305346314,0.1674935952796014,0.8483121669121563,1.7126436781609196,OLS_Midpoint
Youtube,0.7206313667574868,22.10419239594884,0.1674935952796014,0.8483121669121563,1.7126436781609196,OLS_Midpoint
Facebook,0.6232703659194802,19.117802413968395,0.1674935952796014,0.8483121669121563,1.7126436781609196,OLS_Midpoint
Others,0.42519575088457784,13.04218650068218,0.1674935952796014,0.8483121669121563,1.7126436781609196,OLS_Midpoint
TikTok,0.38044854443175263,11.669638890015445,0.1674935952796014,0.8483121669121563,1.7126436781609196,OLS_Midpoint
Messenger,0.24933230809011692,7.647862087031029,0.1674935952796014,0.8483121669121563,1.7126436781609196,OLS_Midpoint
Viber,0.06962705504875856,2.135696407007794,0.1674935952796014,0.8483121669121563,1.7126436781609196,OLS_Midpoint
