Platform,N_Users,Pct_of_Total,Pct_LessThan2h,Pct_2to4h,Pct_MoreThan4h
Facebook,359,64.33691756272401,62.3229461756374,30.878186968838527,6.79886685552408
Youtube,128,22.939068100358423,52.38095238095239,35.714285714285715,11.904761904761903
TikTok,250,44.80286738351255,65.7258064516129,26.61290322580645,7.661290322580645
Viber,133,23.835125448028673,63.63636363636363,31.060606060606062,5.303030303030303
Instagram,3,0.5376344086021506,33.33333333333333,33.33333333333333,33.33333333333333
Messenger,121,21.68458781362007,48.275862068965516,41.37931034482759,10.344827586206897
Others,13,2.3297491039426523,38.46153846153847,38.46153846153847,23.076923076923077
